<?xml version="1.0" encoding="UTF-8"?>
<project-private xmlns="http://www.netbeans.org/ns/project-private/1">
    <editor-bookmarks xmlns="http://www.netbeans.org/ns/editor-bookmarks/2" lastBookmarkId="1">
        <file>
            <url>src/Modelo/Rutina.java</url>
            <bookmark id="1">
                <name/>
                <line>19</line>
                <key/>
            </bookmark>
        </file>
    </editor-bookmarks>
    <open-files xmlns="http://www.netbeans.org/ns/projectui-open-files/2">
        <group>
            <file>file:/D:/universidad/2019-01/bases%20de%20datos/App_Ejercicio_Prueba4/src/Vista/Gimnasios.java</file>
            <file>file:/D:/universidad/2019-01/bases%20de%20datos/App_Ejercicio_Prueba4/src/Vista/Tienda_Deportivas.java</file>
            <file>file:/D:/universidad/2019-01/bases%20de%20datos/App_Ejercicio_Prueba4/src/Vista/Main.java</file>
        </group>
    </open-files>
</project-private>
